,0_RfR 0,0_RfR 1,0_RfR 2,0_RfR 3,1_RfR 0,1_RfR 1,1_RfR 2,1_RfR 3,2_RfR 0,2_RfR 1,2_RfR 2,2_RfR 3,3_RfR 0,3_RfR 1,3_RfR 2,3_RfR 3,4_RfR 0,4_RfR 1,4_RfR 2,4_RfR 3,EWS_DaysToThreat,A.1_DikeIncrease 0,A.1_DikeIncrease 1,A.1_DikeIncrease 2,A.1_DikeIncrease 3,A.2_DikeIncrease 0,A.2_DikeIncrease 1,A.2_DikeIncrease 2,A.2_DikeIncrease 3,A.3_DikeIncrease 0,A.3_DikeIncrease 1,A.3_DikeIncrease 2,A.3_DikeIncrease 3,A.4_DikeIncrease 0,A.4_DikeIncrease 1,A.4_DikeIncrease 2,A.4_DikeIncrease 3,A.5_DikeIncrease 0,A.5_DikeIncrease 1,A.5_DikeIncrease 2,A.5_DikeIncrease 3,Expected Annual Damage,Dike Investment Costs,RfR Investment Costs,Evacuation Costs,Expected Number of Deaths
0,0,0,1,1,0,0,0,1,1,0,1,0,0,0,1,1,0,0,1,0,4,9,2,6,3,9,0,4,5,4,6,4,5,4,9,4,0,2,4,9,2,0.0,917278520.0240755,946900000.0,0.0,0.0
1,0,0,0,1,1,0,0,0,1,1,0,0,0,1,0,1,0,0,0,0,1,1,4,10,3,10,2,8,5,2,0,4,6,5,8,7,7,5,5,6,4,0.0,1024607581.0566967,606200000.0,0.0,0.0
2,0,0,1,1,0,0,0,1,1,0,1,0,0,1,0,0,0,0,0,1,0,4,2,2,4,8,1,2,3,3,2,10,7,2,1,5,8,7,4,0,5,107261.02884594812,801711269.3172944,825700000.0,0.0,8.045877720069751e-05
3,0,0,0,1,0,1,0,1,1,1,1,1,1,0,1,0,1,0,1,0,0,6,3,0,1,3,0,1,9,2,6,2,9,6,2,9,0,7,7,0,5,0.0,695462245.0376422,1397600000.0,0.0,0.0
4,0,1,1,0,0,1,0,0,1,1,0,1,0,1,0,0,1,1,1,0,2,0,9,1,0,1,7,1,0,8,5,7,0,7,7,6,1,10,3,4,0,2919836.437087689,638676729.2204483,1368600000.0,170.19470843072742,0.0005553519925236626
5,0,1,0,0,0,0,1,0,0,1,1,1,0,0,1,1,0,0,1,1,0,9,0,1,2,2,8,7,5,7,7,10,0,10,9,6,0,2,0,9,1,0.0,857666397.7431258,1149100000.0,0.0,0.0
6,1,0,0,1,1,0,1,1,0,0,1,1,1,1,0,1,0,0,0,0,3,4,5,2,10,6,6,0,1,1,8,2,5,4,0,5,0,3,9,0,2,0.0,784967455.3819133,1247600000.0,0.0,0.0
7,0,0,1,1,0,0,0,0,0,0,1,0,1,1,0,1,0,0,0,1,1,2,1,0,0,2,1,9,9,2,10,10,0,2,0,4,5,4,6,2,2,894488.4373339814,716343514.1782494,819600000.0,31.210639286915747,0.00041663354624109556
8,0,0,0,0,0,0,0,0,0,0,0,1,1,1,1,1,0,0,0,1,0,4,2,8,3,0,6,1,1,8,4,5,1,6,7,5,8,9,4,4,3,6602548.386849216,843912967.7292311,771600000.0,0.0,0.008285232770860355
